{
  "two_stream": {
    "baseline_main": 0.005548040338810658,
    "default": 0.002292149528051892,
    "indexed": 0.002658619976683751,
    "flat": 0.0020887108384435534,
    "aggressive": 0.0019411026813258043,
    "extreme": 0.0018274167312798957
  },
  "weibel": {
    "baseline_main": 0.002151230971018473,
    "default": 0.0011626545190811157,
    "indexed": 0.0012188673814137777,
    "flat": 0.0009159435033798218,
    "aggressive": 0.0009675687948862712,
    "extreme": 0.0009035213390986125
  }
}