{
  "two_stream": {
    "baseline_main": 0.0029443532246653083,
    "default": 0.0019302958755539714,
    "indexed": 0.0021330115997333075,
    "flat": 0.001887652843445085,
    "aggressive": 0.0016122902945238616,
    "extreme": 0.0015838314950138857
  },
  "weibel": {
    "baseline_main": 0.00159952183564504,
    "default": 0.0007813071807225545,
    "indexed": 0.000914238969484965,
    "flat": 0.000831995685895284,
    "aggressive": 0.0007015568415323893,
    "extreme": 0.0006633019844690959
  }
}