{
  "main": {
    "ref": "origin/main",
    "sha": "3a29cfaf8b6942bfc2f19c72235057214b835f0c",
    "repo": "/Users/rogeriojorge/local/tests/PyPIC3D/_bench/worktrees/main-3a29cfaf",
    "cases": {
      "two_stream_fast": {
        "config": "/Users/rogeriojorge/local/tests/PyPIC3D/demos/two_stream/two_stream_fast.toml",
        "s_per_step": [
          0.0004919735947623849,
          0.000488963327370584,
          0.0005005131242796779,
          0.0004938340280205011,
          0.0004939507925882936
        ],
        "summary": {
          "mean": 0.0004938469734042883,
          "median": 0.0004938340280205011,
          "stdev": 4.236981815450755e-06,
          "n": 5
        }
      },
      "weibel_fast": {
        "config": "/Users/rogeriojorge/local/tests/PyPIC3D/demos/weibel/weibel_fast.toml",
        "s_per_step": [
          0.0002622290048748255,
          0.00026599946431815624,
          0.00026121875271201134,
          0.0002731791464611888,
          0.00025751744396984577
        ],
        "summary": {
          "mean": 0.0002640287624672055,
          "median": 0.0002622290048748255,
          "stdev": 5.940238711793516e-06,
          "n": 5
        }
      }
    }
  },
  "branch": {
    "ref": "HEAD",
    "sha": "76c1fd56739e3b6b2903329d846a8e3b95f5c7f3",
    "repo": "/Users/rogeriojorge/local/tests/PyPIC3D",
    "cases": {
      "two_stream_fast": {
        "config": "/Users/rogeriojorge/local/tests/PyPIC3D/demos/two_stream/two_stream_fast.toml",
        "s_per_step": [
          0.00038735067937523127,
          0.00039254873991012573,
          0.0003817714750766754,
          0.0003909835359081626,
          0.0003807417815551162
        ],
        "summary": {
          "mean": 0.0003866792423650622,
          "median": 0.00038735067937523127,
          "stdev": 5.309623165110487e-06,
          "n": 5
        }
      },
      "weibel_fast": {
        "config": "/Users/rogeriojorge/local/tests/PyPIC3D/demos/weibel/weibel_fast.toml",
        "s_per_step": [
          0.00017950357869267464,
          0.00017441320233047009,
          0.00017481297254562378,
          0.0001810169778764248,
          0.00017424160614609718
        ],
        "summary": {
          "mean": 0.00017679766751825808,
          "median": 0.00017481297254562378,
          "stdev": 3.212579698886513e-06,
          "n": 5
        }
      }
    }
  }
}
