{
  "main": {
    "ref": "origin/main",
    "sha": "3a29cfaf8b6942bfc2f19c72235057214b835f0c",
    "repo": "/Users/rogeriojorge/local/tests/PyPIC3D/_bench/worktrees/main-3a29cfaf",
    "cases": {
      "two_stream_fast": {
        "config": "/Users/rogeriojorge/local/tests/PyPIC3D/demos/two_stream/two_stream_fast.toml",
        "s_per_step": [
          0.0004964687395840883,
          0.000503536663018167,
          0.0004917016485705972,
          0.0004985298728570342,
          0.0004980709636583924
        ],
        "summary": {
          "mean": 0.0004976615775376559,
          "median": 0.0004980709636583924,
          "stdev": 4.253874082429907e-06,
          "n": 5
        }
      },
      "weibel_fast": {
        "config": "/Users/rogeriojorge/local/tests/PyPIC3D/demos/weibel/weibel_fast.toml",
        "s_per_step": [
          0.00026611320208758116,
          0.00026792718563228846,
          0.0002700361656025052,
          0.0002859120722860098,
          0.00025464012287557125
        ],
        "summary": {
          "mean": 0.0002689257496967912,
          "median": 0.00026792718563228846,
          "stdev": 1.1211097922469597e-05,
          "n": 5
        }
      }
    }
  },
  "branch": {
    "ref": "HEAD",
    "sha": "d5116bd1722d001f78ac2aaa4b03f6504fe4aade",
    "repo": "/Users/rogeriojorge/local/tests/PyPIC3D",
    "cases": {
      "two_stream_fast": {
        "config": "/Users/rogeriojorge/local/tests/PyPIC3D/demos/two_stream/two_stream_fast.toml",
        "s_per_step": [
          0.00039291498251259327,
          0.00038145307917147875,
          0.0003858769778162241,
          0.0003878686111420393,
          0.0003900214796885848
        ],
        "summary": {
          "mean": 0.000387627026066184,
          "median": 0.0003878686111420393,
          "stdev": 4.328237054900472e-06,
          "n": 5
        }
      },
      "weibel_fast": {
        "config": "/Users/rogeriojorge/local/tests/PyPIC3D/demos/weibel/weibel_fast.toml",
        "s_per_step": [
          0.00017533788923174143,
          0.00017515826039016247,
          0.00018161965999752283,
          0.0001739187864586711,
          0.00017597072292119265
        ],
        "summary": {
          "mean": 0.0001764010637998581,
          "median": 0.00017533788923174143,
          "stdev": 3.0106287060239983e-06,
          "n": 5
        }
      }
    }
  }
}
