{
  "main": {
    "ref": "origin/main",
    "sha": "3a29cfaf8b6942bfc2f19c72235057214b835f0c",
    "repo": "/Users/rogeriojorge/local/tests/PyPIC3D/_bench/worktrees/main-3a29cfaf",
    "cases": {
      "two_stream_fast": {
        "config": "/Users/rogeriojorge/local/tests/PyPIC3D/demos/two_stream/two_stream_fast.toml",
        "s_per_step": [
          0.000495833926834166,
          0.0004932089941576123,
          0.0004927095724269748,
          0.0004877167521044612,
          0.0004905177047476172
        ],
        "summary": {
          "mean": 0.0004919973900541664,
          "median": 0.0004927095724269748,
          "stdev": 3.0498988738477015e-06,
          "n": 5
        }
      },
      "weibel_fast": {
        "config": "/Users/rogeriojorge/local/tests/PyPIC3D/demos/weibel/weibel_fast.toml",
        "s_per_step": [
          0.0002704072976484895,
          0.00026352726854383945,
          0.0002665184438228607,
          0.0002633637050166726,
          0.0002616840647533536
        ],
        "summary": {
          "mean": 0.00026510015595704317,
          "median": 0.00026352726854383945,
          "stdev": 3.440065740587911e-06,
          "n": 5
        }
      }
    }
  },
  "branch": {
    "ref": "HEAD",
    "sha": "12e68fae70c6c4c0ec05a48818741dd45f72a6b0",
    "repo": "/Users/rogeriojorge/local/tests/PyPIC3D",
    "cases": {
      "two_stream_fast": {
        "config": "/Users/rogeriojorge/local/tests/PyPIC3D/demos/two_stream/two_stream_fast.toml",
        "s_per_step": [
          0.0003818081459030509,
          0.00039135932456701994,
          0.0003799155820161104,
          0.0003907108912244439,
          0.00038538966327905655
        ],
        "summary": {
          "mean": 0.00038583672139793637,
          "median": 0.00038538966327905655,
          "stdev": 5.141640067125146e-06,
          "n": 5
        }
      },
      "weibel_fast": {
        "config": "/Users/rogeriojorge/local/tests/PyPIC3D/demos/weibel/weibel_fast.toml",
        "s_per_step": [
          0.00017904303967952728,
          0.0001765708439052105,
          0.00017498107627034187,
          0.00017952104099094868,
          0.0001789008965715766
        ],
        "summary": {
          "mean": 0.00017780337948352097,
          "median": 0.0001789008965715766,
          "stdev": 1.9478322305294625e-06,
          "n": 5
        }
      }
    }
  }
}
