{
  "main": {
    "ref": "origin/main",
    "sha": "3a29cfaf8b6942bfc2f19c72235057214b835f0c",
    "repo": "/Users/rogeriojorge/local/tests/PyPIC3D/_bench/worktrees/main-3a29cfaf",
    "cases": {
      "two_stream_fast": {
        "config": "/Users/rogeriojorge/local/tests/PyPIC3D/demos/two_stream/two_stream_fast.toml",
        "s_per_step": [
          0.0004680126439779997,
          0.0004777763970196247,
          0.00046891800593584776,
          0.0004705429309979081,
          0.0004685219610109925
        ],
        "summary": {
          "mean": 0.00047075438778847455,
          "median": 0.00046891800593584776,
          "stdev": 4.0381466777591085e-06,
          "n": 5
        }
      },
      "weibel_fast": {
        "config": "/Users/rogeriojorge/local/tests/PyPIC3D/demos/weibel/weibel_fast.toml",
        "s_per_step": [
          0.00029351410921663046,
          0.000269091222435236,
          0.00026416557375341654,
          0.00026457675267010927,
          0.0002629370428621769
        ],
        "summary": {
          "mean": 0.0002708569401875138,
          "median": 0.00026457675267010927,
          "stdev": 1.2878324631407592e-05,
          "n": 5
        }
      }
    }
  },
  "branch": {
    "ref": "HEAD",
    "sha": "01d6617193f5ec438ec466ec436055b9a553eb00",
    "repo": "/Users/rogeriojorge/local/tests/PyPIC3D",
    "cases": {
      "two_stream_fast": {
        "config": "/Users/rogeriojorge/local/tests/PyPIC3D/demos/two_stream/two_stream_fast.toml",
        "s_per_step": [
          0.0003748232265934348,
          0.0003748603630810976,
          0.000387233798392117,
          0.00037857377901673317,
          0.0003774886718019843
        ],
        "summary": {
          "mean": 0.0003785959677770734,
          "median": 0.0003774886718019843,
          "stdev": 5.099682169876814e-06,
          "n": 5
        }
      },
      "weibel_fast": {
        "config": "/Users/rogeriojorge/local/tests/PyPIC3D/demos/weibel/weibel_fast.toml",
        "s_per_step": [
          0.00017434917390346527,
          0.0001760820159688592,
          0.00018162699416279793,
          0.00017687270883470774,
          0.00017923442646861076
        ],
        "summary": {
          "mean": 0.00017763306386768817,
          "median": 0.00017687270883470774,
          "stdev": 2.8409357630714485e-06,
          "n": 5
        }
      }
    }
  }
}
